date,title,color,voice,object,activity,comments
25-Feb,Inacessible hand,grey,no ,people,talk to my friend on phone,There is people appear in my dream. Do I know them?
26-Feb,Floating Thoughts,purple,yes,iphone,talk to my friend on phone,why am I float in a outer space and use the iphone?
27-Feb,Vague Dream,blue,no ,no,play with cat,the dream is vague
28-Feb,The Darkest Blue,pink,yes,sunglass,listen to relax music,the sky is so blue and I have to take picture with it
1-Mar,Flying Kogi,grey,no ,iphone,talk to my friend on phone,there s a flying kogi in my dream?
2-Mar,More Days,blue,yes,tv,watch a movie,what? A breaking news of ufo on tv
3-Mar,Vague Dream,grey,no ,people,listen to relax music,the dream is vague
4-Mar,Obscure Escape,blue,yes,people,listen to relax music,I see  a hole. Should I jump inside?
5-Mar,Kuu Kuu,purple,yes,moon,talk to my friend on phone,the car stop and there is a moon getting closer to me
6-Mar,Vague Dream,pink,no ,no,play with cat,the dream is vague
7-Mar,Isolated island,grey,yes,people,talk to my friend on phone,I see my parents in my dream. Where are they going?
8-Mar,Vague Dream,blue,no ,no,watch a movie,the dream is vague
9-Mar,Connection Point,grey,yes,iphone,listen to relax music,I can feel someone is calling me. Who is he/she?
10-Mar,Vague Dream,blue,no ,no,play with cat,the dream is vague